check-and-record-scan	OK	3s
check-scan-eligibility-batch	OK	3s
cancel-scan-reservation	OK	3s
delete-scan	OK	3s
analyze-scan	OK	3s
fridge-scan-submit	OK	3s
fridge-scan-complete	OK	2s
coach-quota-status	OK	3s
coach-screen-snapshot	OK	4s
coach-generate-response	OK	3s
coach-sync-profile-memory	OK	3s
coach-start-conversation	OK	3s
coach-send-message	OK	3s
coach-end-conversation	OK	4s
coach-archive-conversation	OK	3s
coach-conversation-quota-status	OK	3s
coach-conversations-list	OK	3s
social-reserve-upload	OK	3s
social-create-post	OK	4s
social-delete-post	OK	5s
social-create-comment	OK	4s
social-update-comment	OK	4s
social-delete-comment	OK	4s
social-set-reaction	OK	4s
social-set-comment-like	OK	6s
social-record-impressions	OK	5s
social-record-post-views	OK	4s
social-report-content	OK	11s
social-follow-author	OK	8s
social-hide-author	OK	4s
social-list-moderation-queue	OK	3s
social-moderate-content	OK	5s
social-reclassify-post	OK	4s
social-process-moderation-queue	OK	4s
sync-subscription-status	OK	2s
revenuecat-webhook	OK	3s
check-ip-signup	OK	3s
check-signup-eligibility	OK	3s
secure-signup	OK	4s
auth-pre-login	OK	4s
secure-login	OK	2s
send-verification-email	OK	2s
verify-email-code	OK	4s
cleanup-orphan-user	OK	2s
social-admin-moderate-user	OK	3s
social-admin-eradicate-user	OK	3s
social-admin-adjust-post-reactions	OK	5s
